<?xml version="1.0" encoding="UTF-8"?>
<rss version="2.0" xmlns:ror="http://rorweb.com/0.1/" >
<channel>
  <title>ROR Sitemap for http://rishi4d.in/</title>
  <link>http://rishi4d.in/</link>

<item>
     <link>https://rishi4d.in/</link>
     <title>Rishi 4D</title>
     <description>Project PR</description>
     <ror:updatePeriod></ror:updatePeriod>
     <ror:sortOrder>0</ror:sortOrder>
     <ror:resourceOf>sitemap</ror:resourceOf>
</item>
<item>
     <link>https://rishi4d.in/contact</link>
     <title>Contact | Rishi 4D</title>
     <description>Project PR</description>
     <ror:updatePeriod></ror:updatePeriod>
     <ror:sortOrder>1</ror:sortOrder>
     <ror:resourceOf>sitemap</ror:resourceOf>
</item>
</channel>
</rss>
  